"","x"
"1","2"
"2","2"
"3","1"
"4","1"
"5","2"
"6","2"
"7","2"
"8","0"
"9","2"
"10","0"
"11","2"
"12","2"
"13","0"
"14","0"
"15","0"
"16","2"
"17","2"
"18","2"
"19","1"
"20","2"
"21","2"
"22","2"
"23","2"
"24","0"
"25","0"
"26","1"
"27","0"
"28","2"
"29","2"
"30","0"
"31","2"
"32","0"
"33","2"
"34","1"
"35","2"
"36","1"
"37","1"
"38","0"
"39","0"
"40","1"
"41","2"
"42","0"
"43","1"
"44","2"
"45","1"
"46","0"
"47","0"
"48","0"
"49","2"
"50","1"
"51","2"
"52","0"
"53","2"
"54","1"
"55","2"
"56","2"
"57","0"
"58","2"
"59","2"
"60","2"
"61","1"
"62","1"
"63","1"
"64","2"
"65","2"
"66","1"
"67","1"
"68","1"
"69","1"
"70","2"
"71","0"
"72","1"
"73","0"
"74","1"
"75","0"
"76","1"
"77","0"
"78","1"
"79","2"
"80","1"
"81","2"
"82","2"
"83","1"
"84","2"
"85","1"
"86","0"
"87","0"
"88","2"
"89","2"
"90","1"
"91","2"
"92","2"
"93","2"
"94","1"
"95","1"
"96","0"
"97","2"
"98","1"
"99","0"
"100","0"
"101","2"
"102","1"
"103","2"
"104","1"
"105","0"
"106","1"
"107","2"
"108","0"
"109","0"
"110","2"
"111","2"
"112","2"
"113","1"
"114","2"
"115","1"
"116","1"
"117","2"
"118","2"
"119","0"
"120","0"
"121","1"
"122","0"
"123","2"
"124","1"
"125","2"
"126","2"
"127","1"
"128","1"
"129","2"
"130","2"
"131","0"
"132","1"
"133","0"
"134","0"
"135","0"
"136","2"
"137","0"
"138","2"
"139","2"
"140","2"
"141","2"
"142","0"
"143","2"
"144","1"
"145","2"
"146","2"
"147","1"
"148","0"
"149","2"
"150","2"
"151","0"
"152","1"
"153","2"
"154","2"
"155","0"
"156","1"
"157","2"
"158","2"
"159","1"
"160","2"
"161","2"
"162","2"
"163","0"
"164","2"
"165","0"
"166","1"
"167","0"
"168","2"
"169","2"
"170","0"
"171","0"
"172","2"
"173","1"
"174","2"
"175","1"
"176","0"
"177","0"
"178","2"
"179","0"
"180","0"
"181","1"
"182","0"
"183","2"
"184","1"
"185","0"
"186","1"
"187","1"
"188","1"
"189","0"
"190","2"
"191","1"
"192","1"
"193","0"
"194","0"
"195","2"
"196","2"
"197","2"
"198","2"
"199","1"
"200","0"
"201","1"
"202","2"
"203","2"
"204","0"
"205","2"
"206","2"
"207","2"
"208","2"
"209","2"
"210","2"
"211","2"
"212","2"
"213","2"
"214","0"
"215","2"
"216","2"
"217","0"
"218","1"
"219","1"
"220","2"
"221","0"
"222","0"
"223","1"
"224","1"
"225","0"
"226","2"
"227","1"
"228","2"
"229","1"
"230","1"
"231","2"
"232","1"
"233","0"
"234","2"
"235","1"
"236","1"
"237","0"
"238","2"
"239","0"
"240","2"
"241","2"
"242","1"
"243","2"
"244","1"
"245","2"
"246","2"
"247","1"
"248","2"
"249","2"
"250","0"
"251","2"
"252","2"
"253","1"
"254","0"
"255","1"
"256","2"
"257","2"
"258","0"
"259","1"
"260","0"
"261","1"
"262","2"
"263","2"
"264","1"
"265","1"
"266","0"
"267","2"
"268","2"
"269","2"
"270","2"
"271","2"
"272","2"
"273","0"
"274","2"
"275","2"
"276","2"
"277","2"
"278","0"
"279","0"
"280","2"
"281","2"
"282","0"
"283","1"
"284","0"
"285","2"
"286","2"
"287","2"
"288","2"
"289","1"
"290","2"
"291","0"
"292","1"
"293","2"
"294","2"
"295","1"
"296","2"
"297","2"
"298","2"
"299","2"
"300","2"
"301","0"
"302","2"
"303","1"
"304","2"
"305","0"
"306","2"
"307","2"
"308","1"
"309","2"
"310","2"
"311","1"
"312","2"
"313","0"
"314","1"
"315","2"
"316","1"
"317","0"
"318","2"
"319","0"
"320","2"
"321","0"
"322","0"
"323","1"
"324","2"
"325","2"
"326","2"
"327","2"
"328","1"
"329","2"
"330","1"
"331","1"
"332","1"
"333","2"
"334","2"
"335","2"
"336","2"
"337","0"
"338","1"
"339","0"
"340","2"
"341","2"
"342","2"
"343","2"
"344","1"
"345","2"
"346","1"
"347","1"
"348","2"
"349","2"
"350","2"
"351","0"
"352","0"
"353","0"
"354","2"
"355","1"
"356","0"
"357","1"
"358","0"
"359","0"
"360","0"
"361","2"
"362","1"
"363","1"
"364","2"
"365","0"
"366","0"
"367","2"
"368","1"
"369","1"
"370","2"
"371","2"
"372","2"
"373","2"
"374","1"
"375","0"
"376","2"
"377","1"
"378","2"
"379","0"
"380","0"
"381","0"
"382","1"
"383","0"
"384","1"
"385","1"
"386","2"
"387","0"
"388","0"
"389","2"
"390","2"
"391","2"
"392","0"
"393","2"
"394","2"
"395","2"
"396","1"
"397","2"
"398","0"
"399","2"
"400","2"
"401","0"
"402","1"
"403","2"
"404","0"
"405","2"
"406","1"
"407","0"
"408","1"
"409","1"
"410","2"
"411","0"
"412","2"
"413","1"
"414","1"
"415","0"
"416","2"
"417","2"
"418","2"
"419","0"
"420","2"
"421","1"
"422","1"
"423","1"
"424","0"
"425","2"
"426","2"
"427","0"
"428","0"
"429","0"
"430","2"
"431","1"
"432","0"
"433","1"
"434","2"
"435","1"
"436","0"
"437","2"
"438","2"
"439","0"
"440","1"
"441","0"
"442","0"
"443","0"
"444","0"
"445","2"
"446","2"
"447","1"
"448","2"
"449","1"
"450","0"
"451","1"
"452","0"
"453","2"
"454","1"
"455","0"
"456","2"
"457","2"
"458","2"
"459","1"
"460","2"
"461","2"
"462","2"
"463","0"
"464","2"
"465","2"
"466","2"
"467","2"
"468","2"
"469","2"
"470","0"
"471","1"
"472","0"
"473","0"
"474","0"
"475","0"
"476","2"
"477","1"
"478","2"
"479","2"
"480","0"
"481","0"
"482","2"
"483","0"
"484","1"
"485","2"
"486","0"
"487","0"
"488","1"
"489","0"
"490","1"
"491","1"
"492","0"
"493","2"
"494","0"
"495","1"
"496","2"
"497","0"
"498","0"
"499","1"
"500","2"
"501","2"
"502","2"
"503","1"
"504","2"
"505","1"
"506","2"
"507","2"
"508","1"
"509","0"
"510","2"
"511","1"
"512","1"
"513","2"
"514","2"
"515","0"
"516","0"
"517","2"
"518","2"
"519","0"
"520","1"
"521","1"
"522","1"
"523","0"
"524","0"
"525","2"
"526","1"
"527","1"
"528","2"
"529","2"
"530","2"
"531","1"
"532","1"
"533","2"
"534","2"
"535","0"
"536","1"
"537","1"
"538","2"
"539","1"
"540","2"
"541","2"
"542","2"
"543","2"
"544","2"
"545","2"
"546","1"
"547","2"
"548","2"
"549","1"
"550","0"
"551","1"
"552","0"
"553","1"
"554","0"
"555","2"
"556","2"
"557","1"
"558","2"
"559","2"
"560","1"
"561","2"
"562","1"
"563","2"
"564","2"
"565","2"
"566","2"
"567","2"
"568","0"
"569","0"
"570","0"
"571","2"
"572","0"
"573","0"
"574","2"
"575","0"
"576","1"
"577","2"
"578","0"
"579","2"
"580","0"
"581","2"
"582","2"
"583","0"
"584","2"
"585","1"
"586","0"
"587","1"
"588","0"
"589","2"
"590","2"
"591","0"
"592","1"
"593","0"
"594","1"
"595","0"
"596","2"
"597","0"
"598","0"
"599","2"
"600","1"
"601","2"
"602","0"
"603","2"
"604","0"
"605","1"
"606","1"
"607","0"
"608","2"
"609","0"
"610","2"
"611","0"
"612","2"
"613","2"
"614","1"
"615","0"
"616","1"
"617","2"
"618","1"
"619","2"
"620","2"
"621","1"
"622","2"
"623","2"
"624","2"
"625","2"
"626","2"
"627","0"
"628","2"
"629","2"
"630","1"
"631","0"
"632","0"
"633","2"
"634","2"
"635","0"
"636","1"
"637","0"
"638","1"
"639","1"
"640","1"
"641","2"
"642","2"
"643","2"
"644","1"
"645","2"
"646","2"
"647","0"
"648","0"
"649","2"
"650","0"
"651","1"
"652","2"
"653","2"
"654","2"
"655","2"
"656","2"
"657","2"
"658","0"
"659","2"
"660","2"
"661","2"
"662","0"
"663","2"
"664","0"
"665","2"
"666","0"
"667","1"
"668","0"
"669","0"
"670","2"
"671","0"
"672","1"
"673","0"
"674","2"
"675","2"
"676","0"
"677","2"
"678","2"
"679","2"
"680","1"
"681","2"
"682","1"
"683","1"
"684","2"
"685","1"
"686","0"
"687","2"
"688","2"
"689","0"
"690","2"
"691","2"
"692","2"
"693","0"
"694","0"
"695","2"
"696","0"
"697","0"
"698","2"
"699","2"
"700","1"
"701","0"
"702","2"
"703","0"
"704","2"
"705","2"
"706","2"
"707","1"
"708","2"
"709","2"
"710","2"
"711","1"
"712","1"
"713","1"
"714","1"
"715","0"
"716","2"
"717","2"
"718","2"
"719","2"
"720","2"
"721","1"
"722","1"
"723","2"
"724","0"
"725","2"
"726","0"
"727","2"
"728","2"
"729","1"
"730","2"
"731","0"
"732","2"
"733","1"
"734","2"
"735","2"
"736","2"
"737","2"
"738","0"
"739","2"
"740","0"
"741","2"
"742","0"
"743","2"
"744","0"
"745","2"
"746","0"
"747","2"
"748","1"
"749","2"
"750","1"
"751","1"
"752","2"
"753","2"
"754","2"
"755","0"
"756","0"
"757","2"
"758","2"
"759","1"
"760","2"
"761","2"
"762","0"
"763","2"
"764","2"
"765","1"
"766","2"
"767","0"
"768","2"
"769","2"
"770","2"
"771","2"
"772","1"
"773","2"
"774","0"
"775","2"
"776","0"
"777","2"
"778","0"
"779","2"
"780","0"
"781","2"
"782","1"
"783","2"
"784","0"
"785","2"
"786","2"
"787","2"
"788","0"
"789","2"
"790","0"
"791","1"
"792","0"
"793","1"
"794","0"
"795","1"
"796","0"
"797","0"
"798","0"
"799","2"
"800","2"
"801","0"
"802","0"
"803","1"
"804","2"
"805","2"
"806","2"
"807","0"
"808","1"
"809","0"
"810","0"
"811","1"
"812","0"
"813","1"
"814","0"
"815","2"
"816","1"
"817","2"
"818","1"
"819","0"
"820","2"
"821","0"
"822","2"
"823","2"
"824","0"
"825","2"
"826","2"
"827","1"
"828","0"
"829","1"
"830","2"
"831","1"
"832","0"
"833","2"
"834","0"
"835","2"
"836","2"
"837","2"
"838","0"
"839","2"
"840","0"
"841","0"
"842","1"
"843","2"
"844","2"
"845","1"
"846","2"
"847","2"
"848","1"
"849","0"
"850","1"
"851","2"
"852","1"
"853","2"
"854","2"
"855","0"
"856","0"
"857","1"
"858","0"
"859","0"
"860","0"
"861","0"
"862","2"
"863","2"
"864","2"
"865","0"
"866","1"
"867","2"
"868","2"
"869","2"
"870","1"
"871","2"
"872","2"
"873","1"
"874","0"
"875","2"
"876","2"
"877","2"
"878","2"
"879","2"
"880","0"
"881","2"
"882","2"
"883","2"
"884","0"
"885","1"
"886","0"
"887","0"
"888","2"
"889","0"
"890","1"
"891","1"
"892","1"
"893","1"
"894","1"
"895","1"
"896","0"
"897","2"
"898","2"
"899","0"
"900","1"
"901","2"
"902","2"
"903","1"
"904","1"
"905","2"
"906","2"
"907","2"
"908","0"
"909","2"
"910","1"
"911","2"
"912","1"
"913","0"
"914","2"
"915","2"
"916","0"
"917","2"
"918","2"
"919","2"
"920","1"
"921","0"
"922","2"
"923","2"
"924","0"
"925","0"
"926","2"
"927","1"
"928","1"
"929","2"
"930","1"
"931","1"
"932","2"
"933","2"
"934","0"
"935","2"
"936","0"
"937","2"
"938","1"
"939","0"
"940","1"
"941","0"
"942","1"
"943","0"
"944","2"
"945","2"
"946","1"
"947","0"
"948","1"
"949","0"
"950","2"
"951","2"
"952","2"
"953","2"
"954","2"
"955","2"
"956","2"
"957","1"
"958","0"
"959","1"
"960","2"
"961","2"
"962","1"
"963","1"
"964","1"
"965","2"
"966","2"
"967","0"
"968","2"
"969","2"
"970","2"
"971","2"
"972","0"
"973","0"
"974","1"
"975","1"
"976","2"
"977","2"
"978","2"
"979","1"
"980","1"
"981","2"
"982","2"
"983","1"
"984","0"
"985","1"
"986","1"
"987","2"
"988","1"
"989","2"
"990","0"
"991","1"
"992","1"
"993","2"
"994","2"
"995","1"
"996","0"
"997","1"
"998","0"
"999","2"
"1000","1"
"1001","1"
"1002","2"
"1003","2"
"1004","2"
"1005","2"
"1006","2"
"1007","0"
"1008","1"
"1009","2"
"1010","2"
"1011","2"
"1012","2"
"1013","1"
"1014","2"
"1015","1"
"1016","2"
"1017","0"
"1018","2"
"1019","1"
"1020","2"
"1021","0"
"1022","2"
"1023","2"
"1024","1"
"1025","2"
"1026","0"
"1027","0"
"1028","2"
"1029","2"
"1030","0"
"1031","1"
"1032","2"
"1033","2"
"1034","0"
"1035","2"
"1036","1"
"1037","2"
"1038","1"
"1039","2"
"1040","0"
"1041","1"
"1042","2"
"1043","1"
"1044","0"
"1045","1"
"1046","0"
"1047","2"
"1048","2"
"1049","0"
"1050","1"
"1051","1"
"1052","2"
"1053","2"
"1054","1"
"1055","0"
"1056","0"
"1057","2"
"1058","1"
"1059","2"
"1060","0"
"1061","2"
"1062","2"
"1063","1"
"1064","1"
"1065","1"
"1066","1"
"1067","2"
"1068","0"
"1069","0"
"1070","2"
"1071","2"
"1072","1"
"1073","2"
"1074","2"
"1075","2"
"1076","2"
"1077","2"
"1078","2"
"1079","0"
"1080","0"
"1081","1"
"1082","1"
"1083","1"
"1084","2"
"1085","1"
"1086","0"
"1087","2"
"1088","2"
"1089","2"
"1090","2"
"1091","0"
"1092","2"
"1093","0"
"1094","2"
"1095","1"
"1096","0"
"1097","1"
"1098","0"
"1099","1"
"1100","1"
"1101","0"
"1102","1"
"1103","0"
"1104","2"
"1105","2"
"1106","2"
"1107","1"
"1108","1"
"1109","0"
"1110","1"
"1111","2"
"1112","0"
"1113","1"
"1114","2"
"1115","2"
"1116","0"
"1117","0"
"1118","2"
"1119","0"
"1120","1"
"1121","2"
"1122","0"
"1123","1"
"1124","2"
"1125","2"
"1126","1"
"1127","1"
"1128","1"
"1129","2"
"1130","0"
"1131","0"
"1132","2"
"1133","2"
"1134","2"
"1135","2"
"1136","0"
"1137","2"
"1138","2"
"1139","0"
"1140","2"
"1141","2"
"1142","2"
"1143","0"
"1144","1"
"1145","1"
"1146","0"
"1147","2"
"1148","2"
"1149","2"
"1150","2"
"1151","2"
"1152","2"
"1153","1"
"1154","0"
"1155","1"
"1156","2"
"1157","1"
"1158","1"
"1159","2"
"1160","1"
"1161","0"
"1162","2"
"1163","2"
"1164","1"
"1165","0"
"1166","0"
"1167","0"
"1168","0"
"1169","2"
"1170","2"
"1171","1"
"1172","0"
"1173","2"
"1174","2"
"1175","2"
"1176","2"
"1177","2"
"1178","0"
"1179","2"
"1180","2"
"1181","2"
"1182","2"
"1183","1"
"1184","1"
"1185","0"
"1186","1"
"1187","0"
"1188","2"
"1189","0"
"1190","2"
"1191","0"
"1192","2"
"1193","2"
"1194","0"
"1195","1"
"1196","0"
"1197","2"
"1198","0"
"1199","2"
"1200","0"
"1201","1"
"1202","1"
"1203","0"
"1204","0"
"1205","1"
"1206","2"
"1207","2"
"1208","1"
"1209","2"
"1210","2"
"1211","2"
"1212","2"
"1213","1"
"1214","0"
"1215","0"
"1216","0"
"1217","2"
"1218","1"
"1219","2"
"1220","2"
"1221","2"
"1222","1"
"1223","2"
"1224","0"
"1225","0"
"1226","1"
"1227","2"
"1228","2"
"1229","2"
"1230","2"
"1231","0"
"1232","0"
"1233","2"
"1234","1"
"1235","0"
"1236","0"
"1237","0"
"1238","2"
"1239","2"
"1240","1"
"1241","2"
"1242","0"
"1243","2"
"1244","2"
"1245","2"
"1246","2"
"1247","1"
"1248","2"
"1249","1"
"1250","2"
"1251","0"
"1252","1"
"1253","1"
"1254","1"
"1255","1"
"1256","2"
"1257","0"
"1258","2"
"1259","1"
"1260","0"
"1261","1"
"1262","0"
"1263","2"
"1264","1"
"1265","1"
"1266","1"
"1267","2"
"1268","2"
"1269","0"
"1270","1"
"1271","0"
"1272","1"
"1273","2"
"1274","1"
"1275","2"
"1276","2"
"1277","2"
"1278","1"
"1279","2"
"1280","1"
"1281","2"
"1282","2"
"1283","0"
"1284","2"
"1285","0"
"1286","2"
"1287","2"
"1288","2"
"1289","0"
"1290","2"
"1291","2"
"1292","2"
"1293","0"
"1294","2"
"1295","0"
"1296","2"
"1297","0"
"1298","2"
"1299","0"
"1300","1"
"1301","0"
"1302","0"
"1303","0"
"1304","0"
"1305","0"
"1306","1"
"1307","1"
"1308","1"
"1309","2"
"1310","0"
"1311","2"
"1312","2"
"1313","1"
"1314","0"
"1315","0"
"1316","2"
"1317","0"
"1318","2"
"1319","2"
"1320","0"
"1321","2"
"1322","1"
"1323","0"
"1324","1"
"1325","2"
"1326","1"
"1327","2"
"1328","2"
"1329","2"
"1330","2"
"1331","1"
"1332","0"
"1333","2"
"1334","2"
"1335","2"
"1336","1"
"1337","0"
"1338","1"
"1339","0"
"1340","2"
"1341","0"
"1342","0"
"1343","1"
"1344","0"
"1345","0"
"1346","2"
"1347","2"
"1348","0"
"1349","2"
"1350","0"
"1351","0"
"1352","2"
"1353","2"
"1354","0"
"1355","2"
"1356","1"
"1357","2"
"1358","1"
"1359","0"
"1360","2"
"1361","0"
"1362","0"
"1363","2"
"1364","2"
"1365","1"
"1366","2"
"1367","2"
"1368","1"
"1369","0"
"1370","1"
"1371","1"
"1372","0"
"1373","2"
"1374","2"
"1375","2"
"1376","1"
"1377","2"
"1378","2"
"1379","2"
"1380","1"
"1381","2"
"1382","0"
"1383","1"
"1384","2"
"1385","2"
"1386","1"
"1387","2"
"1388","2"
"1389","1"
"1390","0"
"1391","2"
"1392","2"
"1393","0"
"1394","0"
"1395","2"
"1396","0"
"1397","2"
"1398","0"
"1399","2"
"1400","0"
"1401","1"
"1402","0"
"1403","2"
"1404","0"
"1405","2"
"1406","2"
"1407","0"
"1408","1"
"1409","0"
"1410","2"
"1411","2"
"1412","1"
"1413","1"
"1414","2"
"1415","2"
"1416","2"
"1417","1"
"1418","0"
"1419","1"
"1420","2"
"1421","1"
"1422","2"
"1423","2"
"1424","1"
"1425","0"
"1426","1"
"1427","2"
"1428","0"
"1429","0"
"1430","2"
"1431","2"
"1432","2"
"1433","2"
"1434","2"
"1435","1"
"1436","2"
"1437","1"
"1438","0"
"1439","2"
"1440","2"
"1441","1"
"1442","2"
"1443","0"
"1444","2"
"1445","2"
"1446","2"
"1447","2"
"1448","0"
"1449","2"
"1450","2"
"1451","2"
"1452","2"
"1453","2"
"1454","2"
"1455","2"
"1456","0"
"1457","2"
"1458","2"
"1459","1"
"1460","2"
"1461","1"
"1462","1"
"1463","0"
"1464","2"
"1465","2"
"1466","2"
"1467","1"
"1468","2"
"1469","0"
"1470","1"
"1471","0"
"1472","2"
"1473","2"
"1474","2"
"1475","2"
"1476","2"
"1477","2"
"1478","0"
"1479","0"
"1480","0"
"1481","2"
"1482","1"
"1483","0"
"1484","0"
"1485","1"
"1486","2"
"1487","2"
"1488","2"
"1489","0"
"1490","1"
"1491","2"
"1492","1"
"1493","1"
"1494","0"
"1495","1"
"1496","2"
"1497","2"
"1498","2"
"1499","1"
"1500","2"
"1501","2"
"1502","2"
"1503","2"
"1504","2"
"1505","0"
"1506","0"
"1507","1"
"1508","2"
"1509","0"
"1510","1"
"1511","0"
"1512","2"
"1513","2"
"1514","1"
"1515","2"
"1516","0"
"1517","0"
"1518","0"
"1519","2"
"1520","2"
"1521","1"
"1522","1"
"1523","2"
"1524","0"
"1525","1"
"1526","2"
"1527","0"
"1528","1"
"1529","0"
"1530","2"
"1531","1"
"1532","2"
"1533","2"
"1534","1"
"1535","0"
"1536","0"
"1537","0"
"1538","1"
"1539","2"
"1540","0"
"1541","1"
"1542","2"
"1543","1"
"1544","0"
"1545","1"
"1546","0"
"1547","1"
"1548","0"
"1549","1"
"1550","2"
"1551","0"
"1552","2"
"1553","2"
"1554","1"
"1555","1"
"1556","1"
"1557","0"
"1558","1"
"1559","2"
"1560","2"
"1561","2"
"1562","1"
"1563","1"
"1564","2"
"1565","2"
"1566","0"
"1567","2"
"1568","2"
"1569","2"
"1570","0"
"1571","1"
"1572","2"
"1573","0"
"1574","1"
"1575","0"
"1576","0"
"1577","0"
"1578","0"
"1579","2"
"1580","2"
"1581","2"
"1582","2"
"1583","2"
"1584","1"
"1585","2"
"1586","2"
"1587","2"
"1588","1"
"1589","1"
"1590","0"
"1591","2"
"1592","1"
"1593","0"
"1594","0"
"1595","1"
"1596","1"
"1597","2"
"1598","2"
"1599","1"
"1600","0"
"1601","2"
"1602","2"
"1603","1"
"1604","0"
"1605","1"
"1606","1"
"1607","1"
"1608","0"
"1609","2"
"1610","2"
"1611","2"
"1612","1"
"1613","2"
"1614","2"
"1615","0"
"1616","2"
"1617","2"
"1618","0"
"1619","2"
"1620","1"
"1621","1"
"1622","0"
"1623","0"
"1624","2"
"1625","0"
"1626","2"
"1627","0"
"1628","1"
"1629","2"
"1630","1"
"1631","0"
"1632","1"
"1633","2"
"1634","2"
"1635","2"
"1636","1"
"1637","1"
"1638","0"
"1639","1"
"1640","2"
"1641","0"
"1642","2"
"1643","2"
"1644","2"
"1645","0"
"1646","1"
"1647","2"
"1648","2"
"1649","0"
"1650","1"
"1651","2"
"1652","2"
"1653","1"
"1654","2"
"1655","1"
"1656","0"
"1657","1"
"1658","1"
"1659","2"
"1660","2"
"1661","2"
"1662","0"
"1663","2"
"1664","0"
"1665","2"
"1666","2"
"1667","2"
"1668","2"
"1669","0"
"1670","2"
"1671","0"
"1672","0"
"1673","2"
"1674","2"
"1675","2"
"1676","0"
"1677","2"
"1678","1"
"1679","1"
"1680","2"
"1681","2"
"1682","2"
"1683","0"
"1684","1"
"1685","2"
"1686","2"
"1687","0"
"1688","1"
"1689","1"
"1690","2"
"1691","0"
"1692","0"
"1693","0"
"1694","2"
"1695","1"
"1696","2"
"1697","1"
"1698","2"
"1699","2"
"1700","0"
"1701","1"
"1702","1"
"1703","0"
"1704","2"
"1705","2"
"1706","2"
"1707","2"
"1708","1"
"1709","2"
"1710","0"
"1711","2"
"1712","1"
"1713","1"
"1714","2"
"1715","0"
"1716","0"
"1717","0"
"1718","1"
"1719","2"
"1720","0"
"1721","2"
"1722","1"
"1723","0"
"1724","1"
"1725","1"
"1726","1"
"1727","0"
"1728","2"
"1729","2"
"1730","1"
"1731","0"
"1732","2"
"1733","1"
"1734","2"
"1735","2"
"1736","0"
"1737","2"
"1738","1"
"1739","2"
"1740","2"
"1741","2"
"1742","1"
"1743","0"
"1744","2"
"1745","2"
"1746","1"
"1747","1"
"1748","2"
"1749","2"
"1750","1"
"1751","1"
"1752","1"
"1753","2"
"1754","2"
"1755","0"
"1756","2"
"1757","1"
"1758","2"
"1759","1"
"1760","2"
"1761","2"
"1762","1"
"1763","1"
"1764","0"
"1765","2"
"1766","1"
"1767","2"
"1768","2"
"1769","2"
"1770","2"
"1771","2"
"1772","0"
"1773","2"
"1774","2"
"1775","2"
"1776","0"
"1777","2"
"1778","2"
"1779","2"
"1780","2"
"1781","2"
"1782","2"
"1783","1"
"1784","0"
"1785","0"
"1786","1"
"1787","0"
"1788","2"
"1789","2"
"1790","0"
"1791","2"
"1792","2"
"1793","2"
"1794","2"
"1795","1"
"1796","2"
"1797","0"
"1798","0"
"1799","2"
"1800","2"
"1801","2"
"1802","0"
"1803","0"
"1804","1"
"1805","2"
"1806","2"
"1807","0"
"1808","2"
"1809","2"
"1810","2"
"1811","2"
"1812","2"
"1813","2"
"1814","0"
"1815","0"
"1816","0"
"1817","2"
"1818","2"
"1819","2"
"1820","0"
"1821","1"
"1822","0"
"1823","1"
"1824","1"
"1825","0"
"1826","2"
"1827","2"
"1828","0"
"1829","1"
"1830","2"
"1831","1"
"1832","1"
"1833","2"
"1834","2"
"1835","2"
"1836","2"
"1837","2"
"1838","1"
"1839","0"
"1840","1"
"1841","2"
"1842","2"
"1843","2"
"1844","1"
"1845","2"
"1846","2"
"1847","0"
"1848","2"
"1849","2"
"1850","2"
"1851","2"
"1852","2"
"1853","2"
"1854","1"
"1855","1"
"1856","1"
"1857","0"
"1858","2"
"1859","0"
"1860","0"
"1861","2"
"1862","0"
"1863","1"
"1864","2"
"1865","2"
"1866","0"
"1867","2"
"1868","2"
"1869","2"
"1870","1"
"1871","2"
"1872","0"
"1873","0"
"1874","2"
"1875","2"
"1876","2"
"1877","1"
"1878","0"
"1879","1"
"1880","0"
"1881","0"
"1882","2"
"1883","2"
"1884","1"
"1885","2"
"1886","2"
"1887","0"
"1888","1"
"1889","2"
"1890","2"
"1891","1"
"1892","2"
"1893","0"
"1894","0"
"1895","1"
"1896","0"
"1897","0"
"1898","1"
"1899","2"
"1900","2"
"1901","2"
"1902","0"
"1903","2"
"1904","2"
"1905","2"
"1906","1"
"1907","1"
"1908","0"
"1909","0"
"1910","2"
"1911","1"
"1912","2"
"1913","2"
"1914","2"
"1915","2"
"1916","2"
"1917","0"
"1918","0"
"1919","2"
"1920","2"
"1921","2"
"1922","2"
"1923","2"
"1924","2"
"1925","2"
"1926","2"
"1927","0"
"1928","0"
"1929","1"
"1930","0"
"1931","2"
"1932","2"
"1933","0"
"1934","1"
"1935","2"
"1936","0"
"1937","2"
"1938","2"
"1939","1"
"1940","1"
"1941","2"
"1942","2"
"1943","1"
"1944","0"
"1945","0"
"1946","2"
"1947","0"
"1948","1"
"1949","0"
"1950","0"
"1951","1"
"1952","2"
"1953","2"
"1954","2"
"1955","1"
"1956","2"
"1957","2"
"1958","0"
"1959","2"
"1960","2"
"1961","0"
"1962","1"
"1963","0"
"1964","0"
"1965","2"
"1966","2"
"1967","0"
"1968","1"
"1969","2"
"1970","2"
"1971","1"
"1972","2"
"1973","0"
"1974","0"
"1975","2"
"1976","1"
"1977","2"
"1978","1"
"1979","2"
"1980","1"
"1981","0"
"1982","2"
"1983","2"
"1984","1"
"1985","2"
"1986","2"
"1987","1"
"1988","2"
"1989","1"
"1990","2"
"1991","2"
"1992","2"
"1993","1"
"1994","1"
"1995","2"
"1996","0"
"1997","2"
"1998","1"
"1999","1"
"2000","2"
"2001","2"
"2002","2"
"2003","2"
"2004","2"
"2005","0"
"2006","0"
"2007","2"
"2008","1"
"2009","2"
"2010","0"
"2011","1"
"2012","2"
"2013","1"
"2014","0"
"2015","2"
"2016","0"
"2017","1"
"2018","2"
"2019","2"
"2020","2"
"2021","2"
"2022","1"
"2023","2"
"2024","2"
"2025","1"
"2026","1"
"2027","1"
"2028","2"
"2029","2"
"2030","0"
"2031","1"
"2032","2"
"2033","2"
"2034","2"
"2035","1"
"2036","0"
"2037","0"
"2038","1"
"2039","2"
"2040","1"
"2041","2"
"2042","2"
"2043","2"
"2044","0"
"2045","0"
"2046","0"
"2047","2"
"2048","1"
"2049","2"
"2050","1"
"2051","2"
"2052","2"
"2053","2"
"2054","1"
"2055","1"
"2056","2"
"2057","1"
"2058","1"
"2059","0"
"2060","2"
"2061","2"
"2062","2"
"2063","2"
"2064","2"
"2065","0"
"2066","2"
"2067","2"
"2068","1"
"2069","1"
"2070","2"
"2071","2"
"2072","2"
"2073","2"
"2074","2"
"2075","2"
"2076","2"
"2077","2"
"2078","2"
"2079","1"
"2080","2"
"2081","2"
"2082","2"
"2083","2"
"2084","2"
"2085","2"
"2086","2"
"2087","2"
"2088","1"
"2089","1"
"2090","2"
"2091","2"
"2092","2"
"2093","2"
"2094","1"
"2095","1"
"2096","0"
"2097","2"
"2098","0"
"2099","2"
"2100","2"
"2101","2"
"2102","1"
"2103","1"
"2104","1"
"2105","0"
"2106","0"
"2107","0"
"2108","2"
"2109","1"
"2110","0"
"2111","0"
"2112","2"
"2113","0"
"2114","2"
"2115","2"
"2116","1"
"2117","1"
"2118","2"
"2119","1"
"2120","0"
"2121","0"
"2122","0"
"2123","0"
"2124","0"
"2125","2"
"2126","0"
"2127","2"
"2128","1"
"2129","1"
"2130","0"
"2131","1"
"2132","2"
"2133","1"
"2134","0"
"2135","0"
"2136","2"
"2137","1"
"2138","2"
"2139","1"
"2140","2"
"2141","0"
"2142","1"
"2143","2"
"2144","2"
"2145","2"
"2146","2"
"2147","2"
"2148","0"
"2149","0"
"2150","2"
"2151","2"
"2152","0"
"2153","2"
"2154","1"
"2155","2"
"2156","1"
"2157","2"
"2158","2"
"2159","1"
"2160","0"
"2161","2"
"2162","1"
"2163","2"
"2164","1"
"2165","0"
"2166","0"
"2167","1"
"2168","2"
"2169","1"
"2170","0"
"2171","0"
"2172","2"
"2173","0"
"2174","1"
"2175","2"
"2176","2"
"2177","2"
"2178","2"
"2179","1"
"2180","1"
"2181","0"
"2182","2"
"2183","1"
"2184","2"
"2185","0"
"2186","2"
"2187","1"
"2188","2"
"2189","2"
"2190","1"
"2191","0"
"2192","0"
"2193","1"
"2194","2"
"2195","2"
"2196","2"
"2197","2"
"2198","1"
"2199","0"
"2200","0"
"2201","1"
"2202","0"
"2203","0"
"2204","0"
"2205","1"
"2206","1"
"2207","2"
"2208","2"
"2209","0"
"2210","0"
"2211","2"
"2212","0"
"2213","2"
"2214","1"
"2215","1"
"2216","0"
"2217","2"
"2218","2"
"2219","0"
"2220","0"
"2221","2"
"2222","2"
"2223","2"
"2224","2"
"2225","0"
"2226","2"
"2227","1"
"2228","2"
"2229","2"
"2230","2"
"2231","0"
"2232","1"
"2233","2"
"2234","2"
"2235","1"
"2236","1"
"2237","2"
"2238","2"
"2239","2"
"2240","2"
"2241","2"
"2242","0"
"2243","1"
"2244","2"
"2245","2"
"2246","0"
"2247","1"
"2248","1"
"2249","0"
"2250","0"
"2251","0"
"2252","2"
"2253","1"
"2254","0"
"2255","2"
"2256","1"
"2257","1"
"2258","0"
"2259","2"
"2260","1"
"2261","2"
"2262","2"
"2263","2"
"2264","2"
"2265","2"
"2266","1"
"2267","1"
"2268","0"
"2269","2"
"2270","1"
"2271","2"
"2272","0"
"2273","0"
"2274","2"
"2275","0"
"2276","2"
"2277","2"
"2278","1"
"2279","2"
"2280","0"
"2281","1"
"2282","2"
"2283","0"
"2284","2"
"2285","2"
"2286","2"
"2287","2"
"2288","0"
"2289","1"
"2290","2"
"2291","2"
"2292","2"
"2293","2"
"2294","2"
"2295","2"
"2296","0"
"2297","1"
"2298","2"
"2299","2"
"2300","1"
"2301","0"
"2302","1"
"2303","2"
"2304","2"
"2305","2"
"2306","0"
"2307","2"
"2308","0"
"2309","2"
"2310","2"
"2311","1"
"2312","2"
"2313","1"
"2314","2"
"2315","2"
"2316","0"
"2317","0"
"2318","2"
"2319","2"
"2320","0"
"2321","1"
"2322","0"
"2323","2"
"2324","2"
"2325","1"
"2326","0"
"2327","0"
"2328","2"
"2329","0"
"2330","2"
"2331","2"
"2332","1"
"2333","2"
"2334","2"
"2335","2"
"2336","2"
"2337","2"
"2338","2"
"2339","1"
"2340","2"
"2341","0"
"2342","2"
"2343","2"
"2344","0"
"2345","2"
"2346","1"
"2347","2"
"2348","2"
"2349","2"
"2350","2"
"2351","2"
"2352","1"
"2353","1"
"2354","0"
"2355","1"
"2356","1"
"2357","2"
"2358","2"
"2359","0"
"2360","1"
"2361","2"
"2362","1"
"2363","0"
"2364","1"
"2365","0"
"2366","1"
"2367","2"
"2368","0"
"2369","0"
"2370","1"
"2371","0"
"2372","2"
"2373","0"
"2374","2"
"2375","2"
"2376","0"
"2377","1"
"2378","2"
"2379","1"
"2380","0"
"2381","2"
"2382","2"
"2383","2"
"2384","1"
"2385","0"
"2386","0"
"2387","2"
"2388","0"
"2389","2"
"2390","2"
"2391","2"
"2392","2"
"2393","0"
"2394","1"
"2395","2"
"2396","2"
"2397","1"
"2398","1"
"2399","1"
"2400","1"
"2401","0"
"2402","1"
"2403","2"
"2404","1"
"2405","2"
"2406","2"
"2407","1"
"2408","2"
"2409","0"
"2410","0"
"2411","2"
"2412","2"
"2413","0"
"2414","2"
"2415","0"
"2416","2"
"2417","2"
"2418","2"
"2419","2"
"2420","2"
"2421","2"
"2422","2"
"2423","0"
"2424","1"
"2425","1"
"2426","0"
"2427","2"
"2428","2"
"2429","2"
"2430","2"
"2431","0"
"2432","1"
"2433","0"
"2434","2"
"2435","2"
"2436","1"
"2437","2"
"2438","1"
"2439","0"
"2440","2"
"2441","0"
"2442","1"
"2443","0"
"2444","0"
"2445","0"
"2446","2"
"2447","2"
"2448","1"
"2449","0"
"2450","2"
"2451","2"
"2452","0"
"2453","2"
"2454","2"
"2455","2"
"2456","2"
"2457","2"
"2458","0"
"2459","1"
"2460","1"
"2461","1"
"2462","0"
"2463","2"
"2464","0"
"2465","1"
"2466","1"
"2467","1"
"2468","0"
"2469","2"
"2470","2"
"2471","1"
"2472","2"
"2473","2"
"2474","1"
"2475","2"
"2476","0"
"2477","2"
"2478","0"
"2479","2"
"2480","0"
"2481","1"
"2482","0"
"2483","2"
"2484","0"
"2485","1"
"2486","2"
"2487","1"
"2488","2"
"2489","2"
"2490","1"
"2491","1"
"2492","2"
"2493","2"
"2494","2"
"2495","1"
"2496","0"
"2497","0"
"2498","0"
"2499","2"
"2500","1"
"2501","1"
"2502","2"
"2503","0"
"2504","2"
"2505","0"
"2506","0"
"2507","0"
"2508","0"
"2509","2"
"2510","1"
"2511","2"
"2512","0"
"2513","2"
"2514","2"
"2515","2"
"2516","1"
"2517","1"
"2518","1"
"2519","1"
"2520","2"
"2521","2"
"2522","0"
"2523","2"
"2524","2"
"2525","2"
"2526","1"
"2527","2"
"2528","2"
"2529","0"
"2530","2"
"2531","1"
"2532","2"
"2533","1"
"2534","0"
"2535","0"
"2536","0"
"2537","2"
"2538","0"
"2539","0"
"2540","0"
"2541","2"
"2542","2"
"2543","0"
"2544","0"
"2545","2"
"2546","2"
"2547","1"
"2548","0"
"2549","1"
"2550","0"
"2551","2"
"2552","2"
"2553","2"
"2554","2"
"2555","2"
"2556","1"
"2557","2"
"2558","0"
"2559","2"
"2560","0"
"2561","2"
"2562","2"
"2563","2"
"2564","2"
"2565","2"
"2566","2"
"2567","1"
"2568","2"
"2569","0"
"2570","0"
"2571","1"
"2572","2"
"2573","1"
"2574","2"
"2575","0"
"2576","2"
"2577","2"
"2578","2"
"2579","1"
"2580","2"
"2581","0"
"2582","2"
"2583","2"
"2584","1"
"2585","0"
"2586","2"
"2587","2"
"2588","0"
"2589","2"
"2590","0"
"2591","1"
"2592","1"
"2593","1"
"2594","2"
"2595","1"
"2596","2"
"2597","2"
"2598","1"
"2599","1"
"2600","2"
"2601","1"
"2602","1"
"2603","0"
"2604","2"
"2605","0"
"2606","1"
"2607","1"
"2608","1"
"2609","2"
"2610","0"
"2611","2"
"2612","2"
"2613","2"
"2614","0"
"2615","1"
"2616","0"
"2617","1"
"2618","0"
"2619","2"
"2620","2"
"2621","2"
"2622","0"
"2623","2"
"2624","1"
"2625","0"
"2626","2"
"2627","0"
"2628","2"
"2629","1"
"2630","0"
"2631","1"
"2632","1"
"2633","0"
"2634","1"
"2635","2"
"2636","2"
"2637","1"
"2638","0"
"2639","1"
"2640","0"
"2641","2"
"2642","2"
"2643","2"
"2644","2"
"2645","0"
"2646","0"
"2647","1"
"2648","0"
"2649","1"
"2650","1"
"2651","0"
"2652","2"
"2653","2"
"2654","1"
"2655","2"
"2656","1"
"2657","1"
"2658","2"
"2659","2"
"2660","1"
"2661","2"
"2662","1"
"2663","2"
"2664","2"
"2665","2"
"2666","1"
"2667","2"
"2668","1"
"2669","2"
"2670","2"
"2671","2"
"2672","2"
"2673","0"
"2674","0"
"2675","0"
"2676","0"
"2677","1"
"2678","0"
"2679","1"
"2680","1"
"2681","2"
"2682","1"
"2683","1"
"2684","2"
"2685","2"
"2686","2"
"2687","2"
"2688","2"
"2689","0"
"2690","1"
"2691","2"
"2692","2"
"2693","0"
"2694","0"
"2695","0"
"2696","0"
"2697","2"
"2698","2"
"2699","2"
"2700","2"
"2701","2"
"2702","1"
"2703","0"
"2704","2"
"2705","2"
"2706","0"
"2707","1"
"2708","0"
"2709","2"
"2710","2"
"2711","1"
"2712","2"
"2713","2"
"2714","2"
"2715","2"
"2716","1"
"2717","2"
"2718","1"
"2719","1"
"2720","1"
"2721","2"
"2722","2"
"2723","2"
"2724","1"
"2725","2"
"2726","0"
"2727","1"
"2728","2"
"2729","0"
"2730","0"
"2731","2"
"2732","0"
"2733","2"
"2734","1"
"2735","1"
"2736","2"
"2737","0"
"2738","2"
"2739","0"
"2740","2"
"2741","0"
"2742","2"
"2743","2"
"2744","2"
"2745","0"
"2746","2"
"2747","1"
"2748","1"
"2749","0"
"2750","0"
"2751","1"
"2752","0"
"2753","0"
"2754","0"
"2755","2"
"2756","0"
"2757","1"
"2758","1"
"2759","0"
"2760","0"
"2761","2"
"2762","0"
"2763","1"
"2764","2"
"2765","2"
"2766","2"
"2767","0"
"2768","2"
"2769","2"
"2770","0"
"2771","0"
"2772","2"
"2773","2"
"2774","1"
"2775","1"
"2776","2"
"2777","2"
"2778","1"
"2779","2"
"2780","0"
"2781","1"
"2782","2"
"2783","0"
"2784","2"
"2785","2"
"2786","1"
"2787","2"
"2788","2"
"2789","2"
"2790","2"
"2791","1"
"2792","1"
"2793","2"
"2794","2"
"2795","2"
"2796","1"
"2797","0"
"2798","1"
"2799","0"
"2800","0"
"2801","2"
"2802","1"
"2803","1"
"2804","0"
"2805","1"
"2806","1"
"2807","1"
"2808","2"
"2809","1"
"2810","0"
"2811","1"
"2812","1"
"2813","2"
"2814","0"
"2815","2"
"2816","2"
"2817","0"
"2818","1"
"2819","2"
"2820","2"
"2821","0"
"2822","1"
"2823","2"
"2824","1"
"2825","1"
"2826","2"
"2827","0"
"2828","2"
"2829","1"
"2830","0"
"2831","2"
"2832","2"
"2833","0"
"2834","2"
"2835","1"
"2836","1"
"2837","2"
"2838","2"
"2839","0"
"2840","1"
"2841","0"
"2842","1"
"2843","0"
"2844","0"
"2845","0"
"2846","1"
"2847","2"
"2848","0"
"2849","2"
"2850","2"
"2851","2"
"2852","0"
"2853","2"
"2854","2"
"2855","2"
"2856","2"
"2857","2"
"2858","1"
"2859","1"
"2860","2"
"2861","0"
"2862","2"
"2863","1"
"2864","1"
"2865","2"
"2866","0"
"2867","2"
"2868","2"
"2869","1"
"2870","1"
"2871","1"
"2872","1"
"2873","2"
"2874","2"
"2875","2"
"2876","0"
"2877","1"
"2878","0"
"2879","2"
"2880","2"
"2881","1"
"2882","0"
"2883","0"
"2884","1"
"2885","2"
"2886","0"
"2887","2"
"2888","0"
"2889","2"
"2890","2"
"2891","1"
"2892","0"
"2893","0"
"2894","1"
"2895","2"
"2896","0"
"2897","2"
"2898","0"
"2899","2"
"2900","2"
"2901","2"
"2902","1"
"2903","1"
"2904","1"
"2905","1"
"2906","1"
"2907","2"
"2908","1"
"2909","2"
"2910","0"
"2911","2"
"2912","0"
"2913","2"
"2914","2"
"2915","0"
"2916","2"
"2917","2"
"2918","2"
"2919","2"
"2920","2"
"2921","0"
"2922","2"
"2923","2"
"2924","2"
"2925","1"
"2926","2"
"2927","0"
"2928","2"
"2929","0"
"2930","0"
"2931","0"
"2932","1"
"2933","2"
"2934","0"
"2935","2"
"2936","1"
"2937","2"
"2938","0"
"2939","2"
"2940","1"
"2941","1"
"2942","1"
"2943","1"
"2944","2"
"2945","0"
"2946","2"
"2947","1"
"2948","1"
"2949","1"
"2950","2"
"2951","2"
"2952","1"
"2953","2"
"2954","2"
"2955","2"
"2956","1"
"2957","0"
"2958","1"
"2959","2"
"2960","2"
"2961","0"
"2962","0"
"2963","0"
"2964","2"
"2965","0"
"2966","0"
"2967","0"
"2968","2"
"2969","1"
"2970","1"
"2971","1"
"2972","2"
"2973","2"
"2974","1"
"2975","1"
"2976","0"
"2977","0"
"2978","0"
"2979","2"
"2980","1"
"2981","1"
"2982","2"
"2983","2"
"2984","2"
"2985","2"
"2986","1"
"2987","2"
"2988","2"
"2989","2"
"2990","0"
"2991","2"
"2992","2"
"2993","0"
"2994","0"
"2995","1"
"2996","1"
"2997","1"
"2998","1"
"2999","2"
"3000","1"
"3001","0"
"3002","0"
"3003","0"
"3004","2"
"3005","1"
"3006","0"
"3007","0"
"3008","2"
"3009","1"
"3010","0"
"3011","0"
"3012","0"
"3013","2"
"3014","0"
"3015","0"
"3016","1"
"3017","2"
"3018","2"
"3019","1"
"3020","0"
"3021","2"
"3022","1"
"3023","0"
"3024","2"
"3025","2"
"3026","2"
"3027","2"
"3028","2"
"3029","2"
"3030","2"
"3031","1"
"3032","0"
"3033","0"
"3034","0"
"3035","2"
"3036","1"
"3037","2"
"3038","0"
"3039","1"
"3040","1"
"3041","1"
"3042","2"
"3043","0"
"3044","2"
"3045","1"
"3046","0"
"3047","2"
"3048","1"
"3049","1"
"3050","2"
"3051","2"
"3052","2"
"3053","1"
"3054","0"
"3055","0"
"3056","0"
"3057","1"
"3058","0"
"3059","1"
"3060","2"
"3061","1"
"3062","1"
"3063","1"
"3064","0"
"3065","2"
"3066","2"
"3067","0"
"3068","1"
"3069","1"
"3070","0"
"3071","0"
"3072","2"
"3073","2"
"3074","2"
"3075","2"
"3076","2"
"3077","2"
"3078","2"
"3079","0"
"3080","0"
"3081","1"
"3082","2"
"3083","2"
"3084","2"
"3085","0"
"3086","0"
"3087","2"
"3088","1"
"3089","2"
"3090","2"
"3091","2"
"3092","2"
"3093","2"
"3094","2"
"3095","1"
"3096","0"
"3097","2"
"3098","1"
"3099","2"
"3100","2"
"3101","2"
"3102","1"
"3103","2"
"3104","2"
"3105","0"
"3106","1"
"3107","0"
"3108","0"
"3109","2"
"3110","2"
"3111","2"
"3112","0"
"3113","1"
"3114","1"
"3115","0"
"3116","0"
"3117","2"
"3118","2"
"3119","0"
"3120","0"
"3121","2"
"3122","1"
"3123","1"
"3124","0"
"3125","2"
"3126","2"
"3127","0"
"3128","0"
"3129","0"
"3130","0"
"3131","1"
"3132","2"
"3133","2"
"3134","2"
"3135","0"
"3136","2"
"3137","1"
"3138","0"
"3139","2"
"3140","2"
"3141","2"
"3142","0"
"3143","2"
"3144","0"
"3145","2"
"3146","2"
"3147","2"
"3148","2"
"3149","0"
"3150","1"
"3151","0"
"3152","0"
"3153","0"
"3154","2"
"3155","2"
"3156","2"
"3157","1"
"3158","2"
"3159","2"
"3160","2"
"3161","2"
"3162","2"
"3163","2"
"3164","1"
"3165","2"
"3166","2"
"3167","1"
"3168","2"
"3169","2"
"3170","2"
"3171","2"
"3172","0"
"3173","1"
"3174","0"
"3175","2"
"3176","2"
"3177","2"
"3178","1"
"3179","1"
"3180","1"
"3181","2"
"3182","1"
"3183","1"
"3184","2"
"3185","2"
"3186","2"
"3187","1"
"3188","1"
"3189","0"
"3190","0"
"3191","2"
"3192","2"
"3193","2"
"3194","2"
"3195","2"
"3196","1"
"3197","2"
"3198","0"
"3199","2"
"3200","2"
"3201","1"
"3202","1"
"3203","2"
"3204","1"
"3205","2"
"3206","2"
"3207","2"
"3208","1"
"3209","0"
"3210","2"
"3211","2"
"3212","2"
"3213","2"
"3214","2"
"3215","2"
"3216","1"
"3217","0"
"3218","1"
"3219","2"
"3220","1"
"3221","2"
"3222","1"
"3223","2"
"3224","1"
"3225","2"
"3226","2"
"3227","1"
"3228","1"
"3229","2"
"3230","1"
"3231","1"
"3232","2"
"3233","2"
"3234","2"
"3235","2"
"3236","1"
"3237","0"
"3238","0"
"3239","0"
"3240","1"
"3241","0"
"3242","2"
"3243","0"
"3244","0"
"3245","1"
"3246","2"
"3247","0"
"3248","2"
"3249","2"
"3250","2"
"3251","0"
"3252","0"
"3253","2"
"3254","2"
"3255","0"
"3256","2"
"3257","2"
"3258","1"
"3259","2"
"3260","0"
"3261","1"
"3262","1"
"3263","0"
"3264","0"
"3265","0"
"3266","2"
"3267","1"
"3268","1"
"3269","1"
"3270","1"
"3271","0"
"3272","1"
"3273","1"
"3274","0"
"3275","2"
"3276","2"
"3277","0"
"3278","0"
"3279","0"
"3280","2"
"3281","0"
"3282","0"
"3283","2"
"3284","0"
"3285","1"
"3286","2"
"3287","1"
"3288","1"
"3289","2"
"3290","2"
"3291","2"
"3292","1"
"3293","1"
"3294","2"
"3295","0"
"3296","2"
"3297","1"
"3298","1"
"3299","2"
"3300","0"
"3301","2"
"3302","2"
"3303","2"
"3304","0"
"3305","2"
"3306","1"
"3307","1"
"3308","1"
"3309","2"
"3310","0"
"3311","2"
"3312","1"
"3313","2"
"3314","2"
"3315","2"
"3316","1"
"3317","0"
"3318","1"
"3319","0"
"3320","1"
"3321","0"
"3322","1"
"3323","1"
"3324","0"
"3325","2"
"3326","1"
"3327","2"
"3328","2"
"3329","1"
"3330","0"
"3331","1"
"3332","2"
"3333","0"
"3334","2"
"3335","1"
"3336","0"
"3337","2"
"3338","2"
"3339","0"
"3340","1"
"3341","0"
"3342","1"
"3343","0"
"3344","0"
"3345","1"
"3346","0"
"3347","1"
"3348","2"
"3349","0"
"3350","2"
"3351","0"
"3352","2"
"3353","2"
"3354","0"
"3355","2"
"3356","2"
"3357","2"
"3358","0"
"3359","1"
"3360","1"
"3361","1"
"3362","1"
"3363","2"
"3364","1"
"3365","2"
"3366","1"
"3367","2"
"3368","2"
"3369","0"
"3370","0"
"3371","0"
"3372","0"
"3373","2"
"3374","2"
"3375","2"
"3376","2"
"3377","2"
"3378","0"
"3379","2"
"3380","1"
"3381","2"
"3382","2"
"3383","2"
"3384","0"
"3385","2"
"3386","0"
"3387","2"
"3388","0"
"3389","2"
"3390","2"
"3391","1"
"3392","2"
"3393","0"
"3394","0"
"3395","2"
"3396","1"
"3397","2"
"3398","2"
"3399","2"
"3400","2"
"3401","2"
"3402","2"
"3403","1"
"3404","1"
"3405","0"
"3406","1"
"3407","2"
"3408","0"
"3409","2"
"3410","2"
"3411","2"
"3412","2"
"3413","1"
"3414","0"
"3415","1"
"3416","0"
"3417","2"
"3418","0"
"3419","2"
"3420","2"
"3421","0"
"3422","2"
"3423","2"
"3424","2"
"3425","1"
"3426","0"
"3427","2"
"3428","0"
"3429","2"
"3430","2"
"3431","2"
"3432","2"
"3433","0"
"3434","0"
"3435","0"
"3436","1"
"3437","1"
"3438","1"
"3439","0"
"3440","1"
"3441","0"
"3442","2"
"3443","0"
"3444","1"
"3445","2"
"3446","2"
"3447","0"
"3448","2"
"3449","0"
"3450","0"
"3451","2"
"3452","2"
"3453","2"
"3454","0"
"3455","2"
"3456","2"
"3457","0"
"3458","2"
"3459","2"
"3460","2"
"3461","0"
"3462","1"
"3463","0"
"3464","2"
"3465","1"
"3466","1"
"3467","0"
"3468","1"
"3469","0"
"3470","1"
"3471","2"
"3472","2"
"3473","0"
"3474","0"
"3475","1"
"3476","2"
"3477","2"
"3478","2"
"3479","0"
"3480","1"
"3481","0"
"3482","2"
"3483","0"
"3484","0"
"3485","2"
"3486","0"
"3487","2"
"3488","0"
"3489","2"
"3490","2"
"3491","0"
"3492","0"
"3493","1"
"3494","1"
"3495","2"
"3496","2"
"3497","2"
"3498","0"
"3499","2"
"3500","2"
"3501","1"
"3502","1"
"3503","2"
"3504","2"
"3505","0"
"3506","2"
"3507","0"
"3508","1"
"3509","0"
"3510","2"
"3511","1"
"3512","0"
"3513","2"
"3514","2"
"3515","2"
"3516","1"
"3517","1"
"3518","2"
"3519","2"
"3520","0"
"3521","1"
"3522","1"
"3523","1"
"3524","0"
"3525","2"
"3526","1"
"3527","2"
"3528","2"
"3529","1"
"3530","2"
"3531","0"
"3532","1"
"3533","0"
"3534","2"
"3535","1"
"3536","0"
"3537","1"
"3538","2"
"3539","2"
"3540","2"
"3541","1"
"3542","2"
"3543","1"
"3544","2"
"3545","0"
"3546","1"
"3547","1"
"3548","2"
"3549","2"
"3550","2"
"3551","2"
"3552","1"
"3553","2"
"3554","1"
"3555","2"
"3556","2"
"3557","2"
"3558","1"
"3559","0"
"3560","1"
"3561","2"
"3562","2"
"3563","1"
"3564","1"
"3565","2"
"3566","2"
"3567","0"
"3568","1"
"3569","0"
"3570","0"
"3571","2"
"3572","2"
"3573","1"
"3574","0"
"3575","1"
"3576","0"
"3577","0"
"3578","2"
"3579","0"
"3580","2"
"3581","1"
"3582","2"
"3583","0"
"3584","2"
"3585","2"
"3586","0"
"3587","0"
"3588","2"
"3589","1"
"3590","1"
"3591","0"
"3592","2"
"3593","2"
"3594","0"
"3595","2"
"3596","0"
"3597","2"
"3598","0"
"3599","2"
"3600","1"
"3601","2"
"3602","2"
"3603","1"
"3604","2"
"3605","1"
"3606","1"
"3607","0"
"3608","2"
"3609","2"
"3610","1"
"3611","1"
"3612","0"
"3613","0"
"3614","1"
"3615","2"
"3616","1"
"3617","2"
"3618","0"
"3619","2"
"3620","2"
"3621","0"
"3622","2"
"3623","1"
"3624","2"
"3625","2"
"3626","2"
"3627","2"
"3628","2"
"3629","0"
"3630","2"
"3631","2"
"3632","0"
"3633","0"
"3634","2"
"3635","1"
"3636","2"
"3637","1"
"3638","0"
"3639","1"
"3640","0"
"3641","0"
"3642","0"
"3643","0"
"3644","2"
"3645","2"
"3646","2"
"3647","0"
"3648","0"
"3649","1"
"3650","0"
"3651","0"
"3652","0"
"3653","0"
"3654","2"
"3655","0"
"3656","0"
"3657","0"
"3658","1"
"3659","2"
"3660","2"
"3661","1"
"3662","0"
"3663","0"
"3664","1"
"3665","1"
"3666","2"
"3667","0"
"3668","2"
"3669","0"
"3670","2"
"3671","1"
"3672","2"
"3673","2"
"3674","0"
"3675","2"
"3676","0"
"3677","1"
"3678","2"
"3679","2"
"3680","2"
"3681","2"
"3682","1"
"3683","1"
"3684","0"
"3685","0"
"3686","2"
"3687","0"
"3688","1"
"3689","1"
"3690","2"
"3691","0"
"3692","1"
"3693","1"
"3694","2"
"3695","0"
"3696","2"
"3697","0"
"3698","0"
"3699","2"
"3700","1"
"3701","0"
"3702","0"
"3703","2"
"3704","1"
"3705","0"
"3706","2"
"3707","2"
"3708","2"
"3709","1"
"3710","2"
"3711","0"
"3712","1"
"3713","1"
"3714","2"
"3715","1"
"3716","2"
"3717","0"
"3718","1"
"3719","1"
"3720","1"
"3721","2"
"3722","2"
"3723","1"
"3724","2"
"3725","2"
"3726","1"
"3727","2"
"3728","2"
"3729","1"
"3730","2"
"3731","2"
"3732","0"
"3733","1"
"3734","0"
"3735","2"
"3736","2"
"3737","2"
"3738","0"
"3739","0"
"3740","0"
"3741","1"
"3742","2"
"3743","2"
"3744","2"
"3745","1"
"3746","0"
"3747","1"
"3748","1"
"3749","1"
"3750","2"
"3751","2"
"3752","0"
"3753","0"
"3754","1"
"3755","0"
"3756","0"
"3757","0"
"3758","0"
"3759","0"
"3760","1"
"3761","2"
"3762","2"
"3763","1"
"3764","1"
"3765","1"
"3766","0"
"3767","2"
"3768","2"
"3769","0"
"3770","0"
"3771","2"
"3772","0"
"3773","0"
"3774","0"
"3775","0"
"3776","2"
"3777","0"
"3778","0"
"3779","0"
"3780","2"
"3781","2"
"3782","2"
"3783","2"
"3784","2"
"3785","1"
"3786","2"
"3787","2"
"3788","0"
"3789","2"
"3790","1"
"3791","1"
"3792","0"
"3793","2"
"3794","1"
"3795","0"
"3796","0"
"3797","2"
"3798","1"
"3799","2"
"3800","0"
"3801","2"
"3802","1"
"3803","2"
"3804","2"
"3805","1"
"3806","0"
"3807","0"
"3808","0"
"3809","2"
"3810","2"
"3811","2"
"3812","0"
"3813","2"
"3814","2"
"3815","1"
"3816","1"
"3817","1"
"3818","1"
"3819","0"
"3820","2"
"3821","0"
"3822","0"
"3823","2"
"3824","2"
"3825","2"
"3826","0"
"3827","0"
"3828","2"
"3829","1"
"3830","2"
"3831","1"
"3832","2"
"3833","1"
"3834","2"
"3835","0"
"3836","1"
"3837","2"
"3838","2"
"3839","2"
"3840","2"
"3841","2"
"3842","0"
"3843","1"
"3844","0"
"3845","2"
"3846","2"
"3847","2"
"3848","2"
"3849","2"
"3850","0"
"3851","1"
"3852","2"
"3853","1"
"3854","2"
"3855","0"
"3856","2"
"3857","1"
"3858","0"
"3859","1"
"3860","0"
"3861","1"
"3862","0"
"3863","2"
"3864","2"
"3865","1"
"3866","2"
"3867","0"
"3868","2"
"3869","2"
"3870","0"
"3871","2"
"3872","2"
"3873","0"
"3874","2"
"3875","2"
"3876","1"
"3877","2"
"3878","2"
"3879","1"
"3880","0"
"3881","2"
"3882","2"
"3883","1"
"3884","1"
"3885","2"
"3886","2"
"3887","2"
"3888","2"
"3889","2"
"3890","1"
"3891","0"
"3892","2"
"3893","2"
"3894","1"
"3895","2"
"3896","2"
"3897","2"
"3898","1"
"3899","0"
"3900","2"
"3901","2"
"3902","1"
"3903","1"
"3904","2"
"3905","2"
"3906","0"
"3907","0"
"3908","0"
"3909","0"
"3910","1"
"3911","2"
"3912","0"
"3913","2"
"3914","0"
"3915","0"
"3916","1"
"3917","1"
"3918","1"
"3919","2"
"3920","2"
"3921","2"
"3922","1"
"3923","1"
"3924","2"
"3925","1"
"3926","2"
"3927","0"
"3928","0"
"3929","2"
"3930","2"
"3931","0"
"3932","2"
"3933","1"
"3934","2"
"3935","1"
"3936","2"
"3937","2"
"3938","1"
"3939","2"
"3940","2"
"3941","0"
"3942","2"
"3943","2"
"3944","2"
"3945","0"
"3946","0"
"3947","1"
"3948","2"
"3949","2"
"3950","0"
"3951","2"
"3952","2"
"3953","1"
"3954","1"
"3955","0"
"3956","2"
"3957","1"
"3958","2"
"3959","0"
"3960","2"
"3961","1"
"3962","1"
"3963","2"
"3964","2"
"3965","2"
"3966","2"
"3967","0"
"3968","0"
"3969","2"
"3970","2"
"3971","0"
"3972","0"
"3973","2"
"3974","2"
"3975","2"
"3976","0"
"3977","0"
"3978","2"
"3979","1"
"3980","0"
"3981","0"
"3982","0"
"3983","1"
"3984","1"
"3985","0"
"3986","1"
"3987","0"
"3988","0"
"3989","2"
"3990","2"
"3991","2"
"3992","2"
"3993","2"
"3994","2"
"3995","0"
"3996","2"
"3997","0"
"3998","0"
"3999","0"
"4000","1"
"4001","0"
"4002","1"
"4003","0"
"4004","1"
"4005","2"
"4006","2"
"4007","1"
"4008","0"
"4009","2"
"4010","0"
"4011","0"
"4012","2"
"4013","2"
"4014","2"
"4015","0"
"4016","1"
"4017","2"
"4018","0"
"4019","1"
"4020","1"
"4021","0"
"4022","2"
"4023","0"
"4024","2"
"4025","0"
"4026","2"
"4027","1"
"4028","1"
"4029","2"
"4030","2"
"4031","2"
"4032","1"
"4033","2"
"4034","1"
"4035","1"
"4036","2"
"4037","1"
"4038","1"
"4039","0"
"4040","2"
"4041","2"
"4042","1"
"4043","2"
"4044","2"
"4045","0"
"4046","2"
"4047","1"
"4048","2"
"4049","1"
"4050","2"
"4051","2"
"4052","2"
"4053","2"
"4054","1"
"4055","2"
"4056","0"
"4057","2"
"4058","2"
"4059","0"
"4060","1"
"4061","0"
"4062","0"
"4063","2"
"4064","1"
"4065","2"
"4066","0"
"4067","0"
"4068","1"
"4069","2"
"4070","1"
"4071","1"
"4072","1"
"4073","1"
"4074","0"
"4075","2"
"4076","2"
"4077","2"
"4078","0"
"4079","2"
"4080","2"
"4081","0"
"4082","1"
"4083","2"
"4084","0"
"4085","1"
"4086","2"
"4087","2"
"4088","2"
"4089","1"
"4090","1"
"4091","0"
"4092","2"
"4093","1"
"4094","0"
"4095","0"
"4096","2"
"4097","0"
"4098","1"
"4099","2"
"4100","2"
"4101","2"
"4102","0"
"4103","1"
"4104","2"
"4105","1"
"4106","0"
"4107","0"
"4108","1"
"4109","0"
"4110","0"
"4111","2"
"4112","2"
"4113","2"
"4114","2"
"4115","0"
"4116","0"
"4117","1"
"4118","2"
"4119","1"
"4120","0"
"4121","1"
"4122","0"
"4123","0"
"4124","0"
"4125","2"
"4126","1"
"4127","2"
"4128","2"
"4129","0"
"4130","2"
"4131","1"
"4132","0"
"4133","1"
"4134","0"
"4135","2"
"4136","0"
"4137","0"
"4138","0"
"4139","2"
"4140","1"
"4141","2"
"4142","2"
"4143","2"
"4144","0"
"4145","2"
"4146","2"
"4147","0"
"4148","2"
"4149","2"
"4150","1"
"4151","1"
"4152","2"
"4153","0"
"4154","2"
"4155","2"
"4156","0"
"4157","0"
"4158","1"
"4159","1"
"4160","1"
"4161","0"
"4162","2"
"4163","2"
"4164","0"
"4165","2"
"4166","1"
"4167","2"
"4168","0"
"4169","2"
"4170","2"
"4171","1"
"4172","2"
"4173","1"
"4174","1"
"4175","2"
"4176","2"
"4177","1"
"4178","0"
"4179","0"
"4180","2"
"4181","2"
"4182","2"
"4183","2"
"4184","2"
"4185","1"
"4186","2"
"4187","0"
"4188","0"
"4189","0"
"4190","0"
"4191","2"
"4192","1"
"4193","2"
"4194","2"
"4195","2"
"4196","1"
"4197","2"
"4198","0"
"4199","2"
"4200","2"
"4201","1"
"4202","2"
"4203","0"
"4204","1"
"4205","1"
"4206","2"
"4207","0"
"4208","1"
"4209","0"
"4210","2"
"4211","0"
"4212","0"
"4213","2"
"4214","0"
"4215","2"
"4216","2"
"4217","2"
"4218","0"
"4219","2"
"4220","1"
"4221","1"
"4222","1"
"4223","1"
"4224","1"
"4225","2"
"4226","1"
"4227","2"
"4228","1"
"4229","0"
"4230","1"
"4231","2"
"4232","2"
"4233","1"
"4234","2"
"4235","2"
"4236","0"
"4237","2"
"4238","0"
"4239","1"
"4240","2"
"4241","2"
"4242","0"
"4243","1"
"4244","2"
"4245","0"
"4246","2"
"4247","2"
"4248","2"
"4249","2"
"4250","2"
"4251","2"
"4252","2"
"4253","2"
"4254","1"
"4255","0"
"4256","0"
"4257","1"
"4258","0"
"4259","0"
"4260","1"
"4261","2"
"4262","2"
"4263","1"
"4264","1"
"4265","0"
"4266","2"
"4267","2"
"4268","2"
"4269","2"
"4270","2"
"4271","0"
"4272","0"
"4273","2"
"4274","1"
"4275","2"
"4276","1"
"4277","1"
"4278","1"
"4279","0"
"4280","1"
"4281","1"
"4282","2"
"4283","0"
"4284","2"
"4285","2"
"4286","2"
"4287","0"
"4288","2"
"4289","1"
"4290","2"
"4291","1"
"4292","2"
"4293","0"
"4294","0"
"4295","2"
"4296","0"
"4297","1"
"4298","2"
"4299","1"
"4300","1"
"4301","2"
"4302","0"
"4303","0"
"4304","1"
"4305","0"
"4306","1"
"4307","2"
"4308","0"
"4309","1"
"4310","0"
"4311","2"
"4312","2"
"4313","1"
"4314","1"
"4315","2"
"4316","2"
"4317","2"
"4318","0"
"4319","0"
"4320","2"
"4321","1"
"4322","2"
"4323","2"
"4324","2"
"4325","2"
"4326","1"
"4327","2"
"4328","2"
"4329","2"
"4330","2"
"4331","2"
"4332","0"
"4333","2"
"4334","2"
"4335","0"
"4336","0"
"4337","2"
"4338","0"
"4339","2"
"4340","2"
"4341","0"
"4342","1"
"4343","2"
"4344","0"
"4345","2"
"4346","0"
"4347","2"
"4348","0"
"4349","2"
"4350","0"
"4351","0"
"4352","1"
"4353","0"
"4354","1"
"4355","0"
"4356","1"
"4357","0"
"4358","1"
"4359","2"
"4360","2"
"4361","1"
"4362","1"
"4363","2"
"4364","2"
"4365","2"
"4366","2"
"4367","1"
"4368","2"
"4369","0"
"4370","2"
"4371","1"
"4372","2"
"4373","0"
"4374","1"
"4375","2"
"4376","1"
"4377","0"
"4378","2"
"4379","0"
"4380","0"
"4381","0"
"4382","0"
"4383","0"
"4384","0"
"4385","0"
"4386","2"
"4387","2"
"4388","0"
"4389","1"
"4390","0"
"4391","1"
"4392","1"
"4393","2"
"4394","2"
"4395","2"
"4396","0"
"4397","0"
"4398","2"
"4399","1"
"4400","2"
"4401","2"
"4402","2"
"4403","0"
"4404","1"
"4405","1"
"4406","1"
"4407","2"
"4408","2"
"4409","2"
"4410","1"
"4411","2"
"4412","0"
"4413","2"
"4414","2"
"4415","2"
"4416","1"
"4417","2"
"4418","0"
"4419","1"
"4420","1"
"4421","2"
"4422","1"
"4423","0"
"4424","0"
"4425","0"
"4426","2"
"4427","0"
"4428","0"
"4429","1"
"4430","0"
"4431","2"
"4432","0"
"4433","1"
"4434","0"
"4435","2"
"4436","1"
"4437","1"
"4438","2"
"4439","1"
"4440","2"
"4441","2"
"4442","0"
"4443","2"
"4444","1"
"4445","1"
"4446","0"
"4447","2"
"4448","2"
"4449","2"
"4450","1"
"4451","1"
"4452","2"
"4453","1"
"4454","2"
"4455","0"
"4456","2"
"4457","2"
"4458","2"
"4459","1"
"4460","2"
"4461","1"
"4462","0"
"4463","2"
"4464","0"
"4465","0"
"4466","2"
"4467","0"
"4468","2"
"4469","1"
"4470","1"
"4471","2"
"4472","2"
"4473","0"
"4474","2"
"4475","1"
"4476","1"
"4477","0"
"4478","2"
"4479","0"
"4480","1"
"4481","1"
"4482","2"
"4483","1"
"4484","2"
"4485","1"
"4486","0"
"4487","1"
"4488","2"
"4489","2"
"4490","2"
"4491","2"
"4492","0"
"4493","1"
"4494","0"
"4495","1"
"4496","1"
"4497","2"
"4498","1"
"4499","2"
"4500","2"
"4501","2"
"4502","0"
"4503","1"
"4504","1"
"4505","2"
"4506","1"
"4507","0"
"4508","1"
"4509","0"
"4510","0"
"4511","2"
"4512","2"
"4513","1"
"4514","1"
"4515","1"
"4516","0"
"4517","1"
"4518","1"
"4519","2"
"4520","1"
"4521","1"
"4522","0"
"4523","0"
"4524","2"
"4525","2"
"4526","0"
"4527","2"
"4528","2"
"4529","1"
"4530","2"
"4531","2"
"4532","1"
"4533","2"
"4534","2"
"4535","2"
"4536","2"
"4537","0"
"4538","2"
"4539","2"
"4540","1"
"4541","0"
"4542","1"
"4543","2"
"4544","2"
"4545","2"
"4546","2"
"4547","2"
"4548","0"
"4549","2"
"4550","0"
"4551","0"
"4552","2"
"4553","2"
"4554","2"
"4555","2"
"4556","0"
"4557","2"
"4558","2"
"4559","0"
"4560","1"
"4561","0"
"4562","0"
"4563","0"
"4564","2"
"4565","2"
"4566","0"
"4567","2"
"4568","1"
"4569","2"
"4570","2"
"4571","0"
"4572","2"
"4573","2"
"4574","2"
"4575","0"
"4576","0"
"4577","1"
"4578","2"
"4579","0"
"4580","2"
"4581","1"
"4582","0"
"4583","0"
"4584","2"
"4585","2"
"4586","0"
"4587","1"
"4588","1"
"4589","0"
"4590","2"
"4591","0"
"4592","2"
"4593","2"
"4594","0"
"4595","1"
"4596","2"
"4597","0"
"4598","2"
"4599","1"
"4600","0"
"4601","2"
"4602","2"
"4603","1"
"4604","2"
"4605","0"
"4606","1"
"4607","1"
"4608","0"
"4609","1"
"4610","2"
"4611","2"
"4612","0"
"4613","2"
"4614","2"
"4615","2"
"4616","2"
"4617","1"
"4618","0"
"4619","1"
"4620","0"
"4621","1"
"4622","0"
"4623","2"
"4624","1"
"4625","2"
"4626","0"
"4627","0"
"4628","2"
"4629","2"
"4630","2"
"4631","0"
"4632","0"
"4633","1"
"4634","1"
"4635","1"
"4636","1"
"4637","2"
"4638","2"
"4639","2"
"4640","2"
"4641","1"
"4642","2"
"4643","1"
"4644","0"
"4645","0"
"4646","1"
"4647","1"
"4648","2"
"4649","1"
"4650","2"
"4651","2"
"4652","0"
"4653","0"
"4654","2"
"4655","0"
"4656","2"
"4657","0"
"4658","2"
"4659","0"
"4660","0"
"4661","2"
"4662","2"
"4663","2"
"4664","2"
"4665","2"
"4666","1"
"4667","2"
"4668","0"
"4669","2"
"4670","0"
"4671","2"
"4672","2"
"4673","1"
"4674","0"
"4675","2"
"4676","0"
"4677","2"
"4678","1"
"4679","1"
"4680","0"
"4681","1"
"4682","1"
"4683","0"
"4684","2"
"4685","1"
"4686","2"
"4687","2"
"4688","2"
"4689","0"
"4690","0"
"4691","2"
"4692","0"
"4693","2"
"4694","2"
"4695","2"
"4696","0"
"4697","0"
"4698","2"
"4699","1"
"4700","1"
"4701","2"
"4702","0"
"4703","2"
"4704","0"
"4705","0"
"4706","0"
"4707","2"
"4708","1"
"4709","2"
"4710","1"
"4711","0"
"4712","2"
"4713","2"
"4714","2"
"4715","1"
"4716","1"
"4717","1"
"4718","1"
"4719","2"
"4720","2"
"4721","2"
"4722","0"
"4723","1"
"4724","0"
"4725","1"
"4726","2"
"4727","0"
"4728","1"
"4729","2"
"4730","0"
"4731","2"
"4732","0"
"4733","2"
"4734","2"
"4735","0"
"4736","2"
"4737","2"
"4738","2"
"4739","0"
"4740","2"
"4741","0"
"4742","2"
"4743","0"
"4744","0"
"4745","2"
"4746","2"
"4747","1"
"4748","1"
"4749","2"
"4750","2"
"4751","2"
"4752","2"
"4753","1"
"4754","2"
"4755","0"
"4756","2"
"4757","0"
"4758","1"
"4759","1"
"4760","0"
"4761","0"
"4762","1"
"4763","0"
"4764","1"
"4765","0"
"4766","2"
"4767","0"
"4768","1"
"4769","1"
"4770","1"
"4771","0"
"4772","2"
"4773","2"
"4774","1"
"4775","1"
"4776","1"
"4777","1"
"4778","0"
"4779","2"
"4780","2"
"4781","2"
"4782","1"
"4783","1"
"4784","1"
"4785","2"
"4786","1"
"4787","0"
"4788","2"
"4789","2"
"4790","1"
"4791","2"
"4792","1"
"4793","0"
"4794","0"
"4795","2"
"4796","2"
"4797","2"
"4798","1"
"4799","2"
"4800","1"
"4801","1"
"4802","0"
"4803","1"
"4804","2"
"4805","2"
"4806","1"
"4807","0"
